ID,Jmeno,Prijmeni,Email,Datum_nar
1,Emmalynne,Golden,egolden0@ed.gov,1980-03-01
2,Gilbert,Brodway,gbrodway1@utexas.edu,1998-09-18
3,Guntar,Busfield,gbusfield2@behance.net,1976-03-31
4,Elden,Birbeck,ebirbeck3@ehow.com,1987-11-02
5,Judie,McTeggart,jmcteggart4@behance.net,1994-06-08
6,Dot,Scaplehorn,dscaplehorn5@yale.edu,1972-06-21
7,Shandra,Heddan,sheddan6@illinois.edu,1995-03-28
8,Ashlin,Jansik,ajansik7@home.pl,1968-08-24
9,Kanya,Castan,kcastan8@tinyurl.com,1969-07-27
10,Kattie,Doylend,kdoylend9@cdbaby.com,1993-07-15
11,Frederique,Foston,ffostona@cnn.com,1998-03-03
12,Sharron,MacMoyer,smacmoyerb@sogou.com,1988-04-10
13,Ninon,Wyldbore,nwyldborec@alibaba.com,1988-02-08
14,Ashli,O'Henehan,aohenehand@desdev.cn,1975-06-16
15,Rafaello,Munehay,rmunehaye@quantcast.com,1992-11-25
16,Carmine,Dyas,cdyasf@chronoengine.com,2003-01-20
17,Marne,Gerry,mgerryg@networksolutions.com,1979-04-25
18,Margeaux,Saladino,msaladinoh@fda.gov,1974-08-01
19,Brander,Lovatt,blovatti@facebook.com,1988-08-15
20,Carolina,Trimnell,ctrimnellj@goo.ne.jp,1979-03-07
21,Pris,Chaudrelle,pchaudrellek@simplemachines.org,1992-02-19
22,Kathrine,Sayre,ksayrel@dot.gov,1988-08-04
23,Mattie,Sarle,msarlem@technorati.com,1980-11-20
24,Jenica,McGivena,jmcgivenan@amazon.com,1994-06-19
25,Westbrooke,Ridings,wridingso@networksolutions.com,1988-09-16
26,Netti,Kuhl,nkuhlp@biglobe.ne.jp,1968-12-17
27,Meryl,Stoakley,mstoakleyq@webs.com,1984-11-14
28,Obediah,Sikora,osikorar@skype.com,1975-06-02
29,Nissy,Alty,naltys@google.it,1990-09-08
30,Kayle,Minmagh,kminmaght@mac.com,1979-01-16
31,Ivory,Lowfill,ilowfillu@buzzfeed.com,1985-11-22
32,Gregor,Siviter,gsiviterv@ezinearticles.com,1973-01-29
33,Alisander,Lindenberg,alindenbergw@aboutads.info,1987-08-02
34,Lanette,Chaston,lchastonx@reference.com,1994-09-28
35,Dag,Lerwill,dlerwilly@theglobeandmail.com,1975-03-20
36,Gaylord,Findlow,gfindlowz@dagondesign.com,2003-07-01
37,Veronica,Tingly,vtingly10@eventbrite.com,1987-03-10
38,Jeremy,Lesek,jlesek11@biglobe.ne.jp,1982-06-22
39,Trumann,Toffalo,ttoffalo12@bandcamp.com,2003-08-06
40,Agnola,Sandeland,asandeland13@alibaba.com,1971-12-13
41,Danyelle,McCourt,dmccourt14@dell.com,1970-02-12
42,Andy,Vanner,avanner15@reference.com,1988-09-30
43,Tarra,Tichelaar,ttichelaar16@nps.gov,1977-08-12
44,Maybelle,Firby,mfirby17@blogtalkradio.com,2001-07-15
45,Bevon,Dominicacci,bdominicacci18@51.la,1977-07-19
46,Artie,Astlatt,aastlatt19@cisco.com,1991-11-10
47,Daffi,Prendeville,dprendeville1a@unc.edu,1997-04-03
48,Roshelle,Towle,rtowle1b@webeden.co.uk,1997-05-22
49,Elfrida,Conklin,econklin1c@washington.edu,1983-02-23
50,Case,Haddock,chaddock1d@rambler.ru,1991-12-10
